[
  {
    "id": "0980f043-ff19-4c55-bd8e-d4c3889cfa0e",
    "data": [
      {
        "text": "no",
        "meta": "@economy",
        "alias": "economy",
        "userDefined": true
      }
    ],
    "isTemplate": false,
    "count": 0,
    "lang": "en",
    "updated": 0
  },
  {
    "id": "e26ec2ee-114e-40e3-ba1b-8d3c75c1efb6",
    "data": [
      {
        "text": "yes",
        "meta": "@economy",
        "alias": "economy",
        "userDefined": true
      },
      {
        "text": ", I mind",
        "userDefined": false
      }
    ],
    "isTemplate": false,
    "count": 0,
    "lang": "en",
    "updated": 0
  },
  {
    "id": "650f7055-9be0-4103-8160-c96e81912a83",
    "data": [
      {
        "text": "I\u0027m ",
        "userDefined": false
      },
      {
        "text": "married",
        "meta": "@family",
        "alias": "family",
        "userDefined": true
      }
    ],
    "isTemplate": false,
    "count": 0,
    "lang": "en",
    "updated": 0
  },
  {
    "id": "20cab6da-19bb-4990-888d-0d0b12b1e85c",
    "data": [
      {
        "text": "I\u0027m ",
        "userDefined": false
      },
      {
        "text": "single",
        "meta": "@family",
        "alias": "family",
        "userDefined": true
      }
    ],
    "isTemplate": false,
    "count": 0,
    "lang": "en",
    "updated": 0
  },
  {
    "id": "97396abd-45e3-4a58-a454-cf37490c53f2",
    "data": [
      {
        "text": "I\u0027ll meet ",
        "userDefined": false
      },
      {
        "text": "both conditions",
        "meta": "@road",
        "alias": "road",
        "userDefined": true
      }
    ],
    "isTemplate": false,
    "count": 0,
    "lang": "en",
    "updated": 0
  },
  {
    "id": "b2e2b582-edf2-43fc-868c-6e78d189dbfc",
    "data": [
      {
        "text": "Often driving on ",
        "userDefined": false
      },
      {
        "text": "bad",
        "meta": "@road",
        "alias": "road",
        "userDefined": true
      },
      {
        "text": " condition",
        "userDefined": false
      }
    ],
    "isTemplate": false,
    "count": 0,
    "lang": "en",
    "updated": 0
  },
  {
    "id": "571d033d-cf67-4932-83f0-6cc22d152d27",
    "data": [
      {
        "text": "I always drive on ",
        "userDefined": false
      },
      {
        "text": "good",
        "meta": "@road",
        "alias": "road",
        "userDefined": true
      },
      {
        "text": " condition",
        "userDefined": false
      }
    ],
    "isTemplate": false,
    "count": 0,
    "lang": "en",
    "updated": 0
  },
  {
    "id": "5a32d875-624e-488b-a626-050a0a81a77f",
    "data": [
      {
        "text": "I drive at ",
        "userDefined": false
      },
      {
        "text": "both distances",
        "meta": "@distance",
        "alias": "distance",
        "userDefined": true
      }
    ],
    "isTemplate": false,
    "count": 0,
    "lang": "en",
    "updated": 0
  },
  {
    "id": "58a678ea-fb4c-457e-9fd3-ce9591e703b1",
    "data": [
      {
        "text": "I drive at ",
        "userDefined": false
      },
      {
        "text": "both speeds",
        "meta": "@speed",
        "alias": "speed",
        "userDefined": true
      }
    ],
    "isTemplate": false,
    "count": 0,
    "lang": "en",
    "updated": 0
  },
  {
    "id": "3767af52-6d0f-4e9a-86ae-fd0a92c90bcf",
    "data": [
      {
        "text": "normal",
        "meta": "@speed",
        "alias": "speed",
        "userDefined": true
      },
      {
        "text": " speed",
        "userDefined": false
      }
    ],
    "isTemplate": false,
    "count": 0,
    "lang": "en",
    "updated": 0
  },
  {
    "id": "a04cd3ee-93ab-4a65-98d3-32bd46a836a6",
    "data": [
      {
        "text": "a ",
        "userDefined": false
      },
      {
        "text": "short",
        "meta": "@distance",
        "alias": "distance",
        "userDefined": true
      },
      {
        "text": " trip, driving in ",
        "userDefined": false
      },
      {
        "text": "normal",
        "meta": "@speed",
        "alias": "speed",
        "userDefined": true
      },
      {
        "text": " speed, ",
        "userDefined": false
      },
      {
        "text": "no",
        "meta": "@child",
        "alias": "child",
        "userDefined": true
      }
    ],
    "isTemplate": false,
    "count": 0,
    "lang": "en",
    "updated": 0
  },
  {
    "id": "808c07d2-7ced-4021-87c9-8f63f964a427",
    "data": [
      {
        "text": "short",
        "meta": "@distance",
        "alias": "distance",
        "userDefined": true
      },
      {
        "text": " distance",
        "userDefined": false
      }
    ],
    "isTemplate": false,
    "count": 0,
    "lang": "en",
    "updated": 0
  },
  {
    "id": "b9ee51d5-7398-4892-bd2e-72f44629e2ca",
    "data": [
      {
        "text": "short",
        "meta": "@distance",
        "alias": "distance",
        "userDefined": true
      },
      {
        "text": " trip",
        "userDefined": false
      }
    ],
    "isTemplate": false,
    "count": 0,
    "lang": "en",
    "updated": 0
  },
  {
    "id": "c1d7248b-0c76-475a-b144-5016039008a3",
    "data": [
      {
        "text": "long",
        "meta": "@distance",
        "alias": "distance",
        "userDefined": true
      },
      {
        "text": " distance",
        "userDefined": false
      }
    ],
    "isTemplate": false,
    "count": 1,
    "lang": "en",
    "updated": 0
  },
  {
    "id": "f08ce3f9-dc09-4ddd-b3cd-80d4e8d43f8e",
    "data": [
      {
        "text": "long",
        "meta": "@distance",
        "alias": "distance",
        "userDefined": true
      },
      {
        "text": " trip",
        "userDefined": false
      }
    ],
    "isTemplate": false,
    "count": 0,
    "lang": "en",
    "updated": 0
  },
  {
    "id": "b21bf35a-7206-4e84-8d9c-cec244ca4f3f",
    "data": [
      {
        "text": "100000",
        "meta": "@sys.ignore",
        "userDefined": true
      }
    ],
    "isTemplate": false,
    "count": 0,
    "lang": "en",
    "updated": 0
  },
  {
    "id": "ed4956d1-0a74-45e1-96d4-741bada6f2eb",
    "data": [
      {
        "text": "100000",
        "meta": "@sys.ignore",
        "userDefined": true
      },
      {
        "text": ", a ",
        "userDefined": false
      },
      {
        "text": "long",
        "meta": "@distance",
        "alias": "distance",
        "userDefined": true
      },
      {
        "text": " trip, driving in ",
        "userDefined": false
      },
      {
        "text": "high",
        "meta": "@speed",
        "alias": "speed",
        "userDefined": true
      },
      {
        "text": " speed, ",
        "userDefined": false
      },
      {
        "text": "yes",
        "meta": "@child",
        "alias": "child",
        "userDefined": true
      },
      {
        "text": ", I have",
        "userDefined": false
      }
    ],
    "isTemplate": false,
    "count": 0,
    "lang": "en",
    "updated": 0
  }
]