[
  {
    "id": "de58d3ab-292e-4505-851a-f08d3a9c2f80",
    "data": [
      {
        "text": "I\u0027m confused",
        "userDefined": false
      }
    ],
    "isTemplate": false,
    "count": 0,
    "lang": "en",
    "updated": 0
  },
  {
    "id": "4739c11c-b97a-4b88-ad35-fe28151c5c82",
    "data": [
      {
        "text": "I  have no idea",
        "userDefined": false
      }
    ],
    "isTemplate": false,
    "count": 0,
    "lang": "en",
    "updated": 0
  },
  {
    "id": "7b24efa3-da68-4e24-aa97-a8e6a20ff70a",
    "data": [
      {
        "text": "I don\u0027t know",
        "userDefined": false
      }
    ],
    "isTemplate": false,
    "count": 0,
    "lang": "en",
    "updated": 0
  },
  {
    "id": "12d7021c-e551-4650-ac8b-82e9da7a913a",
    "data": [
      {
        "text": "It will be",
        "userDefined": false
      }
    ],
    "isTemplate": false,
    "count": 0,
    "lang": "en",
    "updated": 0
  },
  {
    "id": "75edff0f-31be-415c-9822-8389f7aec6a2",
    "data": [
      {
        "text": "I want",
        "userDefined": false
      }
    ],
    "isTemplate": false,
    "count": 0,
    "lang": "en",
    "updated": 0
  },
  {
    "id": "f1257183-db1d-48ab-b3d6-f7db4ba7e1f1",
    "data": [
      {
        "text": "I",
        "userDefined": false
      }
    ],
    "isTemplate": false,
    "count": 0,
    "lang": "en",
    "updated": 0
  }
]